{
  "version": "0.1.0524.0",
  "is_fake_run":  true,
	"pool_address": "pool.xdag.us:13654",
	"wallet_address":"gKNRtSL1pUaTpzMuPMznKw49ILtP6qX3",
	"machine_name": "YISUIDESKTOP9",
	"ip_address": "127.0.0.1",
	"device_list": [
		{"id":"1", "display_name":"Intel(R) HD Graphics 4600", "version":"v1.0", "driver_version":"v0.93"},
		{"id":"2", "display_name":"Intel(R) Core(TM) i7-4790 CPU @ 3.60GHz", "version":"v1.0", "driver_version":"v0.93"},
		{"id":"3", "display_name":"Intel(R) Core(TM) i7-4790 CPU @ 3.60GHz", "version":"v1.0", "driver_version":"v0.93"}
		]
}